"skjemanavn";"navn_i_rapporteket";"ledetekst";"obligatorisk";"type";"listeverdier";"listetekst";"normalintervall_start_numerisk";"normalintervall_slutt_numerisk";"maksintervall_start_numerisk";"maksintervall_slutt_numerisk";"normalintervall_start_dato";"normalintervall_slutt_dato";"maksintervall_start_dato";"maksintervall_slutt_dato";"antall_tegn";"lovlige_tegn";"desimaler";"aktiveringsspoersmaal";"underspoersmaal";"innfoert_dato";"utfaset_dato";"tabell";"fysisk_feltnavn";"kommentar";"variabel_id";"hjelpetekst"
"Personopplysninger";"Ikke overført";"Kommentar:";"Nei";"Stor tekstvariabel";"";"";"";"";"";"";;;;;2000;"aAáÁbBcCdDðÐeEéÉfFgGhHiIíÍjJkKlLmMnNoOóÓpPqQrRsStTuUvúÚVwWxXyYýÝzZþÞæÆøØåÅäÄöÖñÑéÉ-ü ÜáÁ´_/,.- + 1234567890ØøÜüß@_-!%:;?";;"Nei";"Nei";"1980-01-01";"";"patient";"USERCOMMENT";;"PATIENT_USERCOMMENT";"Generell fri kommentar, max 2000 tegn."
"Personopplysninger";"PasientID";"PID";"Ja";"Tekstvariabel";"";"";"";"";"";"";;;;;11;1234567890;;"Nei";"Nei";"1980-01-01";"";"patient";"ID";;"PATIENT_ID";"Pasient ID - automatisk løpenummer i databasen."
"Personopplysninger";"Ikke overført";"Fødselsnummer";"Ja";"Tekstvariabel";"";"";"";"";"";"";;;;;11;"1234567890-";;"Nei";"Nei";"1980-01-01";"";"patient";"SSN";;"PATIENT_SSN";"Skriv inn fødselsnummer, 11 siffer. Følgende format for fødselsnummer: ddmmyyxxxxx"
"Personopplysninger";"Ikke overført";"Etternavn";"Ja";"Tekstvariabel";"";"";"";"";"";"";;;;;120;"aAáÁbBcCdDðÐeEéÉfFgGhHiIíÍjJkKlLmMnNoOóÓpPqQrRsStTuUvúÚVwWxXyYýÝzZþÞæÆøØåÅäÄöÖñÑéÉ-ü ÜáÁ´_/,.- + 1234567890ØøÜüß@_-!%:;?ÂâČčđŊŋŠšŦŧŽžƷʒǮǯǦǧǤǥǨǩÕõÏï";;"Nei";"Nei";"1980-01-01";"";"patient";"LASTNAME";;"PATIENT_LASTNAME";"Skriv inn personens etternavn, maks 120 tegn."
"Personopplysninger";"Ikke overført";"Fornavn";"Ja";"Tekstvariabel";"";"";"";"";"";"";;;;;120;"aAáÁbBcCdDðÐeEéÉfFgGhHiIíÍjJkKlLmMnNoOóÓpPqQrRsStTuUvúÚVwWxXyYýÝzZþÞæÆøØåÅäÄöÖñÑéÉ-ü ÜáÁ´_/,.- + 1234567890ØøÜüß@_-!%:;?ÂâČčđŊŋŠšŦŧŽžƷʒǮǯǦǧǤǥǨǩÕõÏï";;"Nei";"Nei";"1980-01-01";"";"patient";"FIRSTNAME";;"PATIENT_FIRSTNAME";"Skriv inn personens fornavn og mellomnavn, max 120 tegn."
"Personopplysninger";;"Fødselsdato";"Ja";"Datovariabel";"";"";"";"";"";"";"";"";"'1900-01-01'";"today";;;;"Nei";"Nei";"1980-01-01";"";"patient";"BIRTH_DATE";;"PATIENT_BIRTH_DATE";"Pasientens fødselsdato. Dato skrives på formatet yyyymmdd. Skriver du inn kun dag (dd), så autfylles nåværende måned og år. Skriver du inn måned og dato (mmdd), så autofylles nåværende år. Eksempel: For dato 23.11.1980 er følgende verdier gyldig: 801123, eller 19801123, eller 1980-11-23"
"Personopplysninger";;"Kjønn";"Ja";"Listevariabel";1;"Mann";"";"";"";"";;;;;;;;"Nei";"Nei";"1980-01-01";"";"patient";"GENDER";;"PATIENT_GENDER";"Angi pasientens kjønn."
"Personopplysninger";;"Kjønn";"Ja";"Listevariabel";2;"Kvinne";"";"";"";"";;;;;;;;"Nei";"Nei";"1980-01-01";"";"patient";"GENDER";;"PATIENT_GENDER";"Angi pasientens kjønn."
"Personopplysninger";;"Kjønn";"Ja";"Listevariabel";9;"Ukjent";"";"";"";"";;;;;;;;"Nei";"Nei";"1980-01-01";"";"patient";"GENDER";;"PATIENT_GENDER";"Angi pasientens kjønn."
"Personopplysninger";;"Avdød";"Ja";"Listevariabel";"0";"Nei";"";"";"";"";;;;;;;;"Ja";"Nei";"1980-01-01";"";"patient";"DECEASED";;"PATIENT_DECEASED";"Er personen avdød eller ikke. Døde personers forløp vil stenges og oppfølging avbrytes."
"Personopplysninger";;"Avdød";"Ja";"Listevariabel";1;"Ja";"";"";"";"";;;;;;;;"Ja";"Nei";"1980-01-01";"";"patient";"DECEASED";;"PATIENT_DECEASED";"Er personen avdød eller ikke. Døde personers forløp vil stenges og oppfølging avbrytes."
"Personopplysninger";;"Dødsdato";"Ja";"Datovariabel";"";"";"";"";"";"";"";"";"'1980-01-01'";"today";;;;"Nei";"Ja";"1980-01-01";"";"patient";"DECEASED_DATE";;"PATIENT_DECEASED_DATE";"Skriv inn dato for dødsfall. Dato skrives på formatet yyyymmdd. Skriver du inn kun dag (dd), så autfylles nåværende måned og år. Skriver du inn måned og dato (mmdd), så autofylles nåværende år. Eksempel: For dato 23.11.1980 er følgende verdier gyldig: 801123, eller 19801123, eller 1980-11-23"
"Registrering";"VektFoerInn";"Pasientrapportert vekt 6 mnd før innleggelse:";"Ja";"Tallvariabel";"";"";45;150;30;250;"";"";"";"";3;;"0";"Nei";"Nei";"1980-01-01";"";"registration";"PREVIOUS_WEIGHT";;"REGISTRATION_PREVIOUS_WEIGHT";"Pasientens vekt 6 måneder før innleggelse. Oppgis i kg."
"Registrering";"VektFoerInnMangler";"Ukjent";"Nei";"Avkrysningsboks";"";"";"";"";"";"";"";"";"";"";"";"";;"Nei";"Nei";"1980-01-01";"";"registration";"PREVIOUS_WEIGHT_MISS";;"REGISTRATION_PREVIOUS_WEIGHT_MISS";"Pasientens vekt 6 måneder før innleggelse. Oppgis i kg."
"Registrering";;"Vekt ved innleggelse:";"Ja";"Tallvariabel";"";"";45;150;30;250;"";"";"";"";3;;"0";"Nei";"Nei";"1980-01-01";"";"registration";"ADMISSION_WEIGHT";;"REGISTRATION_ADMISSION_WEIGHT";"Pasientens vekt ved innleggelse. Oppgis i kg."
"Registrering";"nullMangler";"Ukjent";"Nei";"Avkrysningsboks";"";"";"";"";"";"";"";"";"";"";"";"";;"Nei";"Nei";"1980-01-01";"";"registration";"ADMISSION_WEIGHT_MISS";;"REGISTRATION_ADMISSION_WEIGHT_MISS";"Pasientens vekt ved innleggelse. Oppgis i kg."
"Registrering";;"Høyde:";"Ja";"Tallvariabel";"";"";140;200;50;230;"";"";"";"";3;;"0";"Nei";"Nei";"1980-01-01";"";"registration";"HEIGHT";;"REGISTRATION_HEIGHT";"Pasientens høyde. Oppgis i cm."
"Registrering";"nullMangler";"Ukjent";"Nei";"Avkrysningsboks";"";"";"";"";"";"";"";"";"";"";"";"";;"Nei";"Nei";"1980-01-01";"";"registration";"HEIGHT_MISS";;"REGISTRATION_HEIGHT_MISS";"Pasientens høyde. Oppgis i cm."
"Registrering";;"";"Nei";"Skjult variabel";"";"";"";"";"";"";;;;;;;;"Nei";"Nei";"1980-01-01";"";"registration";"BMI";;"REGISTRATION_BMI";""
"Registrering";;"";"Nei";"Skjult variabel";"";"";"";"";"";"";;;;;;;;"Nei";"Nei";"1980-01-01";"";"registration";"BMI_CATEGORY";;"REGISTRATION_BMI_CATEGORY";""
"Registrering";;"";"Nei";"Skjult variabel";"";"";"";"";"";"";;;;;;;;"Nei";"Nei";"1980-01-01";"";"registration";"WEIGHTLOSS";;"REGISTRATION_WEIGHTLOSS";""
"Registrering";;"Medisinert mot diabetes:";"Ja";"Listevariabel";1;"Ja";"";"";"";"";;;;;;;;"Nei";"Nei";"1980-01-01";"";"registration";"DIABETES";;"REGISTRATION_DIABETES";"Inkluderer både insulinpreparater og perorale antidiabetika."
"Registrering";;"Medisinert mot diabetes:";"Ja";"Listevariabel";"0";"Nei";"";"";"";"";;;;;;;;"Nei";"Nei";"1980-01-01";"";"registration";"DIABETES";;"REGISTRATION_DIABETES";"Inkluderer både insulinpreparater og perorale antidiabetika."
"Registrering";;"Har pasienten fått cytostatika (alene) siste 3 måneder?";"Ja";"Listevariabel";1;"Ja";"";"";"";"";;;;;;;;"Nei";"Nei";"1980-01-01";"";"registration";"CHEMOTHERAPY_ONLY";;"REGISTRATION_CHEMOTHERAPY_ONLY";"Dette inkluderer IKKE cytostatika gitt konkomitant med bestrålning. Se nedenfor."
"Registrering";;"Har pasienten fått cytostatika (alene) siste 3 måneder?";"Ja";"Listevariabel";"0";"Nei";"";"";"";"";;;;;;;;"Nei";"Nei";"1980-01-01";"";"registration";"CHEMOTHERAPY_ONLY";;"REGISTRATION_CHEMOTHERAPY_ONLY";"Dette inkluderer IKKE cytostatika gitt konkomitant med bestrålning. Se nedenfor."
"Registrering";;"Har pasienten fått stråleterapi (alene) rettet mot aktuelle område siste 3 måneder?";"Ja";"Listevariabel";1;"Ja";"";"";"";"";;;;;;;;"Nei";"Nei";"1980-01-01";"";"registration";"RADIATION_THERAPY_ONLY";;"REGISTRATION_RADIATION_THERAPY_ONLY";"Dette inkluderer IKKE stråling i kombinasjon med cytostatika. Se nedenfor."
"Registrering";;"Har pasienten fått stråleterapi (alene) rettet mot aktuelle område siste 3 måneder?";"Ja";"Listevariabel";"0";"Nei";"";"";"";"";;;;;;;;"Nei";"Nei";"1980-01-01";"";"registration";"RADIATION_THERAPY_ONLY";;"REGISTRATION_RADIATION_THERAPY_ONLY";"Dette inkluderer IKKE stråling i kombinasjon med cytostatika. Se nedenfor."
"Registrering";;"Har pasienten fått kjemo-radioterapi i kombinasjon, mot aktuelle tumor?";"Ja";"Listevariabel";1;"Ja";"";"";"";"";;;;;;;;"Nei";"Nei";"1980-01-01";"";"registration";"CHEMORADIOTHERAPY";;"REGISTRATION_CHEMORADIOTHERAPY";""
"Registrering";;"Har pasienten fått kjemo-radioterapi i kombinasjon, mot aktuelle tumor?";"Ja";"Listevariabel";"0";"Nei";"";"";"";"";;;;;;;;"Nei";"Nei";"1980-01-01";"";"registration";"CHEMORADIOTHERAPY";;"REGISTRATION_CHEMORADIOTHERAPY";""
"Registrering";;"WHO-ECOG score:";"Ja";"Listevariabel";"0";"Fullt aktiv";"";"";"";"";;;;;;;;"Nei";"Nei";"1980-01-01";"";"registration";"WHO_ECOG_SCORE";;"REGISTRATION_WHO_ECOG_SCORE";"Samlet vurdering av de to siste uker før innleggelse. 0 = Fullt aktiv, kan gjennomføre alle gjøremål som før sykdomsdebut, og uten begrensning. 1 = Belastende fysisk aktivitet er begrenset, men pasienten er oppegående og kan gjennomføre lett eller sittende arbeid, f.eks lett husarbeid, kontorarbeid. 2 = Oppegående og selvstelt men kan ikke gjøre noe arbeid. Oppe mer enn 50 % av døgnets våkne timer. 3 = Kun i begrenset stand til å stelle seg selv, i stol eller seng mer enn 50 % av døgnets våkne timer. 4 = Helt funksjonshemmet. Sengeliggende, og kan ikke stelle seg selv."
"Registrering";;"WHO-ECOG score:";"Ja";"Listevariabel";1;"Lett husarbeid og sittende arbeid";"";"";"";"";;;;;;;;"Nei";"Nei";"1980-01-01";"";"registration";"WHO_ECOG_SCORE";;"REGISTRATION_WHO_ECOG_SCORE";"Samlet vurdering av de to siste uker før innleggelse. 0 = Fullt aktiv, kan gjennomføre alle gjøremål som før sykdomsdebut, og uten begrensning. 1 = Belastende fysisk aktivitet er begrenset, men pasienten er oppegående og kan gjennomføre lett eller sittende arbeid, f.eks lett husarbeid, kontorarbeid. 2 = Oppegående og selvstelt men kan ikke gjøre noe arbeid. Oppe mer enn 50 % av døgnets våkne timer. 3 = Kun i begrenset stand til å stelle seg selv, i stol eller seng mer enn 50 % av døgnets våkne timer. 4 = Helt funksjonshemmet. Sengeliggende, og kan ikke stelle seg selv."
"Registrering";;"WHO-ECOG score:";"Ja";"Listevariabel";2;"Oppe > 50% av dagen, selvstelt";"";"";"";"";;;;;;;;"Nei";"Nei";"1980-01-01";"";"registration";"WHO_ECOG_SCORE";;"REGISTRATION_WHO_ECOG_SCORE";"Samlet vurdering av de to siste uker før innleggelse. 0 = Fullt aktiv, kan gjennomføre alle gjøremål som før sykdomsdebut, og uten begrensning. 1 = Belastende fysisk aktivitet er begrenset, men pasienten er oppegående og kan gjennomføre lett eller sittende arbeid, f.eks lett husarbeid, kontorarbeid. 2 = Oppegående og selvstelt men kan ikke gjøre noe arbeid. Oppe mer enn 50 % av døgnets våkne timer. 3 = Kun i begrenset stand til å stelle seg selv, i stol eller seng mer enn 50 % av døgnets våkne timer. 4 = Helt funksjonshemmet. Sengeliggende, og kan ikke stelle seg selv."
"Registrering";;"WHO-ECOG score:";"Ja";"Listevariabel";3;"Oppe < 50% av dagen, delvis selvstelt";"";"";"";"";;;;;;;;"Nei";"Nei";"1980-01-01";"";"registration";"WHO_ECOG_SCORE";;"REGISTRATION_WHO_ECOG_SCORE";"Samlet vurdering av de to siste uker før innleggelse. 0 = Fullt aktiv, kan gjennomføre alle gjøremål som før sykdomsdebut, og uten begrensning. 1 = Belastende fysisk aktivitet er begrenset, men pasienten er oppegående og kan gjennomføre lett eller sittende arbeid, f.eks lett husarbeid, kontorarbeid. 2 = Oppegående og selvstelt men kan ikke gjøre noe arbeid. Oppe mer enn 50 % av døgnets våkne timer. 3 = Kun i begrenset stand til å stelle seg selv, i stol eller seng mer enn 50 % av døgnets våkne timer. 4 = Helt funksjonshemmet. Sengeliggende, og kan ikke stelle seg selv."
"Registrering";;"WHO-ECOG score:";"Ja";"Listevariabel";4;"Kun i stol/seng, hjelp til alt stell";"";"";"";"";;;;;;;;"Nei";"Nei";"1980-01-01";"";"registration";"WHO_ECOG_SCORE";;"REGISTRATION_WHO_ECOG_SCORE";"Samlet vurdering av de to siste uker før innleggelse. 0 = Fullt aktiv, kan gjennomføre alle gjøremål som før sykdomsdebut, og uten begrensning. 1 = Belastende fysisk aktivitet er begrenset, men pasienten er oppegående og kan gjennomføre lett eller sittende arbeid, f.eks lett husarbeid, kontorarbeid. 2 = Oppegående og selvstelt men kan ikke gjøre noe arbeid. Oppe mer enn 50 % av døgnets våkne timer. 3 = Kun i begrenset stand til å stelle seg selv, i stol eller seng mer enn 50 % av døgnets våkne timer. 4 = Helt funksjonshemmet. Sengeliggende, og kan ikke stelle seg selv."
"Registrering";;"WHO-ECOG score:";"Ja";"Listevariabel";9;"Ukjent";"";"";"";"";;;;;;;;"Nei";"Nei";"1980-01-01";"";"registration";"WHO_ECOG_SCORE";;"REGISTRATION_WHO_ECOG_SCORE";"Samlet vurdering av de to siste uker før innleggelse. 0 = Fullt aktiv, kan gjennomføre alle gjøremål som før sykdomsdebut, og uten begrensning. 1 = Belastende fysisk aktivitet er begrenset, men pasienten er oppegående og kan gjennomføre lett eller sittende arbeid, f.eks lett husarbeid, kontorarbeid. 2 = Oppegående og selvstelt men kan ikke gjøre noe arbeid. Oppe mer enn 50 % av døgnets våkne timer. 3 = Kun i begrenset stand til å stelle seg selv, i stol eller seng mer enn 50 % av døgnets våkne timer. 4 = Helt funksjonshemmet. Sengeliggende, og kan ikke stelle seg selv."
"Registrering";;"Albumin:";"Nei";"Tallvariabel";"";"";16;50;10;55;"";"";"";"";2;;"0";"Nei";"Nei";"1980-01-01";"";"registration";"ALBUMIN";;"REGISTRATION_ALBUMIN";"Siste tilgjengelige måling innenfor 14 dager før operasjonsdato. Oppgis i g/l."
"Registrering";;"CRP:";"Nei";"Tallvariabel";"";"";"0";200;"0";600;"";"";"";"";3;;"0";"Nei";"Nei";"1980-01-01";"";"registration";"CRP";;"REGISTRATION_CRP";"Siste tilgjengelige måling innenfor 14 dager før operasjonsdato. Oppgis i mg/l."
"Registrering";;"";"Nei";"Skjult variabel";"";"";"";"";"";"";;;;;;;;"Nei";"Nei";"1980-01-01";"";"registration";"GLASGOW_SCORE";;"REGISTRATION_GLASGOW_SCORE";""
"Registrering";;"";"Nei";"Skjult variabel";"";"";"";"";"";"";;;;;;;;"Nei";"Nei";"1980-01-01";"";"registration";"MODIFIED_GLASGOW_SCORE";;"REGISTRATION_MODIFIED_GLASGOW_SCORE";""
"Registrering";;"ASA-score:";"Ja";"Listevariabel";1;"Grad I";"";"";"";"";;;;;;;;"Nei";"Nei";"1980-01-01";"";"registration";"ASA";;"REGISTRATION_ASA";"1 = Ingen organisk, fysiologisk, biokjemisk eller psykisk forstyrrelse. Den aktuelle lidelsen er lokalisert og gir ikke generelle systemforstyrrelser. 2 = Moderat sykdom eller forstyrrelser som ikke forårsaker funksjonelle begrensninger. 3 = Alvorlig sykdom eller forstyrrelse som gir definerte funksjonelle begrensninger. 4 = Livstruende organisk sykdom som ikke behøver å være knyttet til den aktuelle kirurgiske lidelsen eller som ikke alltid bedres ved det planlagte kirurgiske inngrepet. 5 = Døende pasient som ikke forventes å overleve 24 timer uten kirurgi."
"Registrering";;"ASA-score:";"Ja";"Listevariabel";2;"Grad II";"";"";"";"";;;;;;;;"Nei";"Nei";"1980-01-01";"";"registration";"ASA";;"REGISTRATION_ASA";"1 = Ingen organisk, fysiologisk, biokjemisk eller psykisk forstyrrelse. Den aktuelle lidelsen er lokalisert og gir ikke generelle systemforstyrrelser. 2 = Moderat sykdom eller forstyrrelser som ikke forårsaker funksjonelle begrensninger. 3 = Alvorlig sykdom eller forstyrrelse som gir definerte funksjonelle begrensninger. 4 = Livstruende organisk sykdom som ikke behøver å være knyttet til den aktuelle kirurgiske lidelsen eller som ikke alltid bedres ved det planlagte kirurgiske inngrepet. 5 = Døende pasient som ikke forventes å overleve 24 timer uten kirurgi."
"Registrering";;"ASA-score:";"Ja";"Listevariabel";3;"Grad III";"";"";"";"";;;;;;;;"Nei";"Nei";"1980-01-01";"";"registration";"ASA";;"REGISTRATION_ASA";"1 = Ingen organisk, fysiologisk, biokjemisk eller psykisk forstyrrelse. Den aktuelle lidelsen er lokalisert og gir ikke generelle systemforstyrrelser. 2 = Moderat sykdom eller forstyrrelser som ikke forårsaker funksjonelle begrensninger. 3 = Alvorlig sykdom eller forstyrrelse som gir definerte funksjonelle begrensninger. 4 = Livstruende organisk sykdom som ikke behøver å være knyttet til den aktuelle kirurgiske lidelsen eller som ikke alltid bedres ved det planlagte kirurgiske inngrepet. 5 = Døende pasient som ikke forventes å overleve 24 timer uten kirurgi."
"Registrering";;"ASA-score:";"Ja";"Listevariabel";4;"Grad IV";"";"";"";"";;;;;;;;"Nei";"Nei";"1980-01-01";"";"registration";"ASA";;"REGISTRATION_ASA";"1 = Ingen organisk, fysiologisk, biokjemisk eller psykisk forstyrrelse. Den aktuelle lidelsen er lokalisert og gir ikke generelle systemforstyrrelser. 2 = Moderat sykdom eller forstyrrelser som ikke forårsaker funksjonelle begrensninger. 3 = Alvorlig sykdom eller forstyrrelse som gir definerte funksjonelle begrensninger. 4 = Livstruende organisk sykdom som ikke behøver å være knyttet til den aktuelle kirurgiske lidelsen eller som ikke alltid bedres ved det planlagte kirurgiske inngrepet. 5 = Døende pasient som ikke forventes å overleve 24 timer uten kirurgi."
"Registrering";;"ASA-score:";"Ja";"Listevariabel";5;"Grad V";"";"";"";"";;;;;;;;"Nei";"Nei";"1980-01-01";"";"registration";"ASA";;"REGISTRATION_ASA";"1 = Ingen organisk, fysiologisk, biokjemisk eller psykisk forstyrrelse. Den aktuelle lidelsen er lokalisert og gir ikke generelle systemforstyrrelser. 2 = Moderat sykdom eller forstyrrelser som ikke forårsaker funksjonelle begrensninger. 3 = Alvorlig sykdom eller forstyrrelse som gir definerte funksjonelle begrensninger. 4 = Livstruende organisk sykdom som ikke behøver å være knyttet til den aktuelle kirurgiske lidelsen eller som ikke alltid bedres ved det planlagte kirurgiske inngrepet. 5 = Døende pasient som ikke forventes å overleve 24 timer uten kirurgi."
"Registrering";;"Alvorlig lungesykdom:";"Ja";"Listevariabel";1;"Ja";"";"";"";"";;;;;;;;"Nei";"Nei";"1980-01-01";"";"registration";"LUNG_DISEASE";;"REGISTRATION_LUNG_DISEASE";"Enhver tilstand med vitalkapasitet under 60 % og/eller FEV1% under 50 %. Klinisk vurdering er adekvat for scoring hvis ikke preoperativ spirometri er utført."
"Registrering";;"Alvorlig lungesykdom:";"Ja";"Listevariabel";"0";"Nei";"";"";"";"";;;;;;;;"Nei";"Nei";"1980-01-01";"";"registration";"LUNG_DISEASE";;"REGISTRATION_LUNG_DISEASE";"Enhver tilstand med vitalkapasitet under 60 % og/eller FEV1% under 50 %. Klinisk vurdering er adekvat for scoring hvis ikke preoperativ spirometri er utført."
"Registrering";;"Alvorlig hjertesykdom:";"Ja";"Listevariabel";1;"Ja";"";"";"";"";;;;;;;;"Nei";"Nei";"1980-01-01";"";"registration";"HEART_DISEASE";;"REGISTRATION_HEART_DISEASE";"NYHA klasse III eller IV eller alvorlig arrytmi som krever mekanisk pumpestøtte."
"Registrering";;"Alvorlig hjertesykdom:";"Ja";"Listevariabel";"0";"Nei";"";"";"";"";;;;;;;;"Nei";"Nei";"1980-01-01";"";"registration";"HEART_DISEASE";;"REGISTRATION_HEART_DISEASE";"NYHA klasse III eller IV eller alvorlig arrytmi som krever mekanisk pumpestøtte."
"Registrering";;"Hastegrad:";"Ja";"Listevariabel";1;"Elektiv kirurgi";"";"";"";"";;;;;;;;"Nei";"Nei";"1980-01-01";"";"registration";"URGENCY";;"REGISTRATION_URGENCY";"Med «Øyeblikkelig hjelp» menes ikke-planlagte inngrep på bakgrunn av perforasjon, obstruksjon, infeksjon o.l."
"Registrering";;"Hastegrad:";"Ja";"Listevariabel";2;"Øyeblikkelig hjelp";"";"";"";"";;;;;;;;"Nei";"Nei";"1980-01-01";"";"registration";"URGENCY";;"REGISTRATION_URGENCY";"Med «Øyeblikkelig hjelp» menes ikke-planlagte inngrep på bakgrunn av perforasjon, obstruksjon, infeksjon o.l."
"Registrering";;"Klokkeslett anestesistart:";"Ja";"Tekstvariabel";"";"";"";"";"";"";;;;;2;"0123456789";;"Nei";"Nei";"1980-01-01";"";"registration";"ANESTHESIA_START";;"REGISTRATION_ANESTHESIA_START";"Nærmeste hele time."
"Registrering";;"";"Nei";"Skjult variabel";"";"";"";"";"";"";;;;;;;;"Nei";"Nei";"1980-01-01";"";"registration";"PRS_SCORE";;"REGISTRATION_PRS_SCORE";""
"Registrering";;"Operert dato:";"Ja";"Datovariabel";"";"";"";"";"";"";"";"";"'1980-01-01'";"today";;;;"Nei";"Nei";"1980-01-01";"";"registration";"OPERATION_DATE";;"REGISTRATION_OPERATION_DATE";"Skriv inn operasjonsdatoen. Dato skrives på formatet yyyymmdd. Skriver du inn kun dag (dd), så autfylles nåværende måned og år. Skriver du inn måned og dato (mmdd), så autofylles nåværende år. Eksempel: For dato 23.11.1980 er følgende verdier gyldig: 801123, eller 19801123, eller 1980-11-23"
"Registrering";;"Hovedoperasjon:";"Ja";"Tekstvariabel";"";"";"";"";"";"";;;;;120;"aAáÁbBcCdDðÐeEéÉfFgGhHiIíÍjJkKlLmMnNoOóÓpPqQrRsStTuUvúÚVwWxXyYýÝzZþÞæÆåÅäÄöÖñÑéÉ-ü ÜáÁ´_/,.- + 1234567890ØøÜüß@_-!%:;?  [] ()";;"Nei";"Nei";"1980-01-01";"";"registration";"NCSP";;"REGISTRATION_NCSP";"NCSP-kode. Merk at koden skrives uten punktum, eks: AAA00"
"Registrering";;"";"Nei";"Skjult variabel";"";"";"";"";"";"";;;;;;;;"Nei";"Nei";"1980-01-01";"";"registration";"NCSP_VERSION";;"REGISTRATION_NCSP_VERSION";""
"Registrering";;"Er det kodet for rekonstruksjon av vene eller arterie?";"Ja";"Listevariabel";1;"Ja";"";"";"";"";;;;;;;;"Ja";"Nei";"1980-01-01";"";"registration";"RECONSTRUCTION";;"REGISTRATION_RECONSTRUCTION";""
"Registrering";;"Er det kodet for rekonstruksjon av vene eller arterie?";"Ja";"Listevariabel";"0";"Nei";"";"";"";"";;;;;;;;"Ja";"Nei";"1980-01-01";"";"registration";"RECONSTRUCTION";;"REGISTRATION_RECONSTRUCTION";""
"Registrering";;"Hva er rekonstruert?";"Ja";"Listevariabel";1;"Vene";"";"";"";"";;;;;;;;"Nei";"Ja";"1980-01-01";"";"registration";"RECONSTRUCTION_TYPE";;"REGISTRATION_RECONSTRUCTION_TYPE";""
"Registrering";;"Hva er rekonstruert?";"Ja";"Listevariabel";2;"Arterie";"";"";"";"";;;;;;;;"Nei";"Ja";"1980-01-01";"";"registration";"RECONSTRUCTION_TYPE";;"REGISTRATION_RECONSTRUCTION_TYPE";""
"Registrering";;"Hva er rekonstruert?";"Ja";"Listevariabel";3;"Begge";"";"";"";"";;;;;;;;"Nei";"Ja";"1980-01-01";"";"registration";"RECONSTRUCTION_TYPE";;"REGISTRATION_RECONSTRUCTION_TYPE";""
"Registrering";;"Anastomosenivå:";"Ja";"Listevariabel";1;"Hals";"";"";"";"";;;;;;;;"Nei";"Nei";"1980-01-01";"";"registration";"ANASTOMOSIS_LEVEL";;"REGISTRATION_ANASTOMOSIS_LEVEL";""
"Registrering";;"Anastomosenivå:";"Ja";"Listevariabel";2;"Thorax";"";"";"";"";;;;;;;;"Nei";"Nei";"1980-01-01";"";"registration";"ANASTOMOSIS_LEVEL";;"REGISTRATION_ANASTOMOSIS_LEVEL";""
"Registrering";;"Ny anastomose:";"Ja";"Listevariabel";1;"Ja";"";"";"";"";;;;;;;;"Nei";"Nei";"1980-01-01";"";"registration";"ANASTOMOSIS";;"REGISTRATION_ANASTOMOSIS";"Anastomose defineres strikt. Blind lukning eller enterotomi som er suturert regnes ikke som anastomose."
"Registrering";;"Ny anastomose:";"Ja";"Listevariabel";"0";"Nei";"";"";"";"";;;;;;;;"Nei";"Nei";"1980-01-01";"";"registration";"ANASTOMOSIS";;"REGISTRATION_ANASTOMOSIS";"Anastomose defineres strikt. Blind lukning eller enterotomi som er suturert regnes ikke som anastomose."
"Registrering";;"Avstand i cm på stivt skop fra anal verge til nedre kant av tumor:";"Nei";"Tallvariabel";"";"";"0";20;"0";20;"";"";"";"";2;;"0";"Nei";"Nei";"1980-01-01";"";"registration";"ANAL_GUARD_DISTANCE";;"REGISTRATION_ANAL_GUARD_DISTANCE";""
"Registrering";;"Ny stomi (utlagt tarm):";"Ja";"Listevariabel";1;"Ja";"";"";"";"";;;;;;;;"Nei";"Nei";"1980-01-01";"";"registration";"OSTOMY";;"REGISTRATION_OSTOMY";""
"Registrering";;"Ny stomi (utlagt tarm):";"Ja";"Listevariabel";"0";"Nei";"";"";"";"";;;;;;;;"Nei";"Nei";"1980-01-01";"";"registration";"OSTOMY";;"REGISTRATION_OSTOMY";""
"Registrering";;"Tilgang (i abdomen):";"Ja";"Listevariabel";1;"Åpen";"";"";"";"";;;;;;;;"Ja";"Nei";"1980-01-01";"";"registration";"ABDOMINAL_ACCESS";;"REGISTRATION_ABDOMINAL_ACCESS";""
"Registrering";;"Tilgang (i abdomen):";"Ja";"Listevariabel";2;"Laparoskopisk";"";"";"";"";;;;;;;;"Ja";"Nei";"1980-01-01";"";"registration";"ABDOMINAL_ACCESS";;"REGISTRATION_ABDOMINAL_ACCESS";""
"Registrering";;"Tilgang (i abdomen):";"Ja";"Listevariabel";3;"Konvertert til åpen";"";"";"";"";;;;;;;;"Ja";"Nei";"1980-01-01";"";"registration";"ABDOMINAL_ACCESS";;"REGISTRATION_ABDOMINAL_ACCESS";""
"Registrering";;"Tilgang (i abdomen):";"Ja";"Listevariabel";4;"NOTES";"";"";"";"";;;;;;;;"Ja";"Nei";"1980-01-01";"";"registration";"ABDOMINAL_ACCESS";;"REGISTRATION_ABDOMINAL_ACCESS";""
"Registrering";;"Tilgang (i abdomen):";"Ja";"Listevariabel";5;"Endoskopisk";"";"";"";"";;;;;;;;"Ja";"Nei";"1980-01-01";"";"registration";"ABDOMINAL_ACCESS";;"REGISTRATION_ABDOMINAL_ACCESS";""
"Registrering";;"Tilgang (i abdomen):";"Ja";"Listevariabel";6;"Ingen";"";"";"";"";;;;;;;;"Ja";"Nei";"1980-01-01";"";"registration";"ABDOMINAL_ACCESS";;"REGISTRATION_ABDOMINAL_ACCESS";""
"Registrering";;"Robotassistert inngrep?";"Ja";"Listevariabel";1;"Ja";"";"";"";"";;;;;;;;"Nei";"Ja";"1980-01-01";"";"registration";"ROBOTASSISTANCE";;"REGISTRATION_ROBOTASSISTANCE";"Robotassistert i en fase av operasjonen medfører ""JA""."
"Registrering";;"Robotassistert inngrep?";"Ja";"Listevariabel";"0";"Nei";"";"";"";"";;;;;;;;"Nei";"Ja";"1980-01-01";"";"registration";"ROBOTASSISTANCE";;"REGISTRATION_ROBOTASSISTANCE";"Robotassistert i en fase av operasjonen medfører ""JA""."
"Registrering";;"taTME?";"Ja";"Listevariabel";1;"Ja";"";"";"";"";;;;;;;;"Nei";"Ja";"1980-01-01";"";"registration";"TATME";;"REGISTRATION_TATME";"Transanal total mesorectal excision."
"Registrering";;"taTME?";"Ja";"Listevariabel";"0";"Nei";"";"";"";"";;;;;;;;"Nei";"Ja";"1980-01-01";"";"registration";"TATME";;"REGISTRATION_TATME";"Transanal total mesorectal excision."
"Registrering";;"Tillegg ved øsofaguskirurgi: Tilgang i Thorax:";"Ja";"Listevariabel";4;"Thoracotomi";"";"";"";"";;;;;;;;"Nei";"Ja";"1980-01-01";"";"registration";"THORAX_ACCESS";;"REGISTRATION_THORAX_ACCESS";""
"Registrering";;"Tillegg ved øsofaguskirurgi: Tilgang i Thorax:";"Ja";"Listevariabel";5;"Thoracoskopi";"";"";"";"";;;;;;;;"Nei";"Ja";"1980-01-01";"";"registration";"THORAX_ACCESS";;"REGISTRATION_THORAX_ACCESS";""
"Registrering";;"Tillegg ved øsofaguskirurgi: Tilgang i Thorax:";"Ja";"Listevariabel";6;"Ingen (transhiatal)";"";"";"";"";;;;;;;;"Nei";"Ja";"1980-01-01";"";"registration";"THORAX_ACCESS";;"REGISTRATION_THORAX_ACCESS";""
"Registrering";;"Tillegg ved øsofaguskirurgi: Tilgang i Thorax:";"Ja";"Listevariabel";7;"Konvertert til åpen";"";"";"";"";;;;;;;;"Nei";"Ja";"1980-01-01";"";"registration";"THORAX_ACCESS";;"REGISTRATION_THORAX_ACCESS";""
"Registrering";;"Re-laparotomi/-laparoskopi i narkose (Acc 4)?";"Ja";"Listevariabel";1;"Ja";"";"";"";"";;;;;;;;"Ja";"Nei";"1980-01-01";"";"registration";"RELAPAROTOMY";;"REGISTRATION_RELAPAROTOMY";""
"Registrering";;"Re-laparotomi/-laparoskopi i narkose (Acc 4)?";"Ja";"Listevariabel";"0";"Nei";"";"";"";"";;;;;;;;"Ja";"Nei";"1980-01-01";"";"registration";"RELAPAROTOMY";;"REGISTRATION_RELAPAROTOMY";""
"Registrering";;"Viktigste funn:";"Ja";"Listevariabel";1;"Anastomoselekkasje";"";"";"";"";;;;;;;;"Nei";"Ja";"1980-01-01";"";"registration";"RELAPAROTOMY_YES";;"REGISTRATION_RELAPAROTOMY_YES";"Velg det viktigste funnet. Hvis anastomoselekkasje er påvist, skal dette velges."
"Registrering";;"Viktigste funn:";"Ja";"Listevariabel";2;"Dyp infeksjon uten påvist lekkasje";"";"";"";"";;;;;;;;"Nei";"Ja";"1980-01-01";"";"registration";"RELAPAROTOMY_YES";;"REGISTRATION_RELAPAROTOMY_YES";"Velg det viktigste funnet. Hvis anastomoselekkasje er påvist, skal dette velges."
"Registrering";;"Viktigste funn:";"Ja";"Listevariabel";3;"Blødning";"";"";"";"";;;;;;;;"Nei";"Ja";"1980-01-01";"";"registration";"RELAPAROTOMY_YES";;"REGISTRATION_RELAPAROTOMY_YES";"Velg det viktigste funnet. Hvis anastomoselekkasje er påvist, skal dette velges."
"Registrering";;"Viktigste funn:";"Ja";"Listevariabel";4;"Sårruptur";"";"";"";"";;;;;;;;"Nei";"Ja";"1980-01-01";"";"registration";"RELAPAROTOMY_YES";;"REGISTRATION_RELAPAROTOMY_YES";"Velg det viktigste funnet. Hvis anastomoselekkasje er påvist, skal dette velges."
"Registrering";;"Viktigste funn:";"Ja";"Listevariabel";5;"Annet";"";"";"";"";;;;;;;;"Nei";"Ja";"1980-01-01";"";"registration";"RELAPAROTOMY_YES";;"REGISTRATION_RELAPAROTOMY_YES";"Velg det viktigste funnet. Hvis anastomoselekkasje er påvist, skal dette velges."
"Registrering";;"Viktigste funn:";"Ja";"Listevariabel";6;"Ingen funn/kun diagnostisk";"";"";"";"";;;;;;;;"Nei";"Ja";"1980-01-01";"";"registration";"RELAPAROTOMY_YES";;"REGISTRATION_RELAPAROTOMY_YES";"Velg det viktigste funnet. Hvis anastomoselekkasje er påvist, skal dette velges."
"Registrering";;"Annen operasjon i generell anestesi (Acc 4)?";"Ja";"Listevariabel";1;"Ja";"";"";"";"";;;;;;;;"Nei";"Ja";"1980-01-01";"";"registration";"RELAPAROTOMY_NO";;"REGISTRATION_RELAPAROTOMY_NO";"Gjelder IKKE endoskopiske prosedyrer, selv om de er gjort i generell anestesi."
"Registrering";;"Annen operasjon i generell anestesi (Acc 4)?";"Ja";"Listevariabel";"0";"Nei";"";"";"";"";;;;;;;;"Nei";"Ja";"1980-01-01";"";"registration";"RELAPAROTOMY_NO";;"REGISTRATION_RELAPAROTOMY_NO";"Gjelder IKKE endoskopiske prosedyrer, selv om de er gjort i generell anestesi."
"Registrering";;"Perkutan, endoskopisk eller angiografisk undersøkelse eller intervensjon (Acc 3)?";"Ja";"Listevariabel";1;"Ja";"";"";"";"";;;;;;;;"Ja";"Nei";"1980-01-01";"";"registration";"INTERVENTION_WITHOUT_ANESTHESIA";;"REGISTRATION_INTERVENTION_WITHOUT_ANESTHESIA";"Innbefatter ikke lokal intervensjon i sår håndtert på sengepost."
"Registrering";;"Perkutan, endoskopisk eller angiografisk undersøkelse eller intervensjon (Acc 3)?";"Ja";"Listevariabel";"0";"Nei";"";"";"";"";;;;;;;;"Ja";"Nei";"1980-01-01";"";"registration";"INTERVENTION_WITHOUT_ANESTHESIA";;"REGISTRATION_INTERVENTION_WITHOUT_ANESTHESIA";"Innbefatter ikke lokal intervensjon i sår håndtert på sengepost."
"Registrering";;"Perkutan drenasje mot reseksjonsflate eller anastomose (inkludert transhepatisk galledrenasje, PTC)?";"Ja";"Listevariabel";1;"Ja";"";"";"";"";;;;;;;;"Nei";"Ja";"1980-01-01";"";"registration";"PERCUTANEOUS_DRAINAGE";;"REGISTRATION_PERCUTANEOUS_DRAINAGE";""
"Registrering";;"Perkutan drenasje mot reseksjonsflate eller anastomose (inkludert transhepatisk galledrenasje, PTC)?";"Ja";"Listevariabel";"0";"Nei";"";"";"";"";;;;;;;;"Nei";"Ja";"1980-01-01";"";"registration";"PERCUTANEOUS_DRAINAGE";;"REGISTRATION_PERCUTANEOUS_DRAINAGE";""
"Registrering";;"Er konsentrasjonen av amylase i drensvæsken over 250 U/l ?";"Ja";"Listevariabel";1;"Ja";"";"";"";"";;;;;;;;"Nei";"Ja";"1980-01-01";"";"registration";"HIGH_AMYLASE_CONCENTRATION";;"REGISTRATION_HIGH_AMYLASE_CONCENTRATION";""
"Registrering";;"Er konsentrasjonen av amylase i drensvæsken over 250 U/l ?";"Ja";"Listevariabel";"0";"Nei";"";"";"";"";;;;;;;;"Nei";"Ja";"1980-01-01";"";"registration";"HIGH_AMYLASE_CONCENTRATION";;"REGISTRATION_HIGH_AMYLASE_CONCENTRATION";""
"Registrering";;"Endoskopisk (inkludert ERCP) intervensjon for lekkasje (stent/klips)?";"Ja";"Listevariabel";1;"Ja";"";"";"";"";;;;;;;;"Nei";"Ja";"1980-01-01";"";"registration";"LEAK_INTERVENTION";;"REGISTRATION_LEAK_INTERVENTION";""
"Registrering";;"Endoskopisk (inkludert ERCP) intervensjon for lekkasje (stent/klips)?";"Ja";"Listevariabel";"0";"Nei";"";"";"";"";;;;;;;;"Nei";"Ja";"1980-01-01";"";"registration";"LEAK_INTERVENTION";;"REGISTRATION_LEAK_INTERVENTION";""
"Registrering";;"Endoskopisk intervensjon for blødning (klips/injeksjon/stent)?";"Ja";"Listevariabel";1;"Ja";"";"";"";"";;;;;;;;"Nei";"Ja";"1980-01-01";"";"registration";"BLEED_INTERVENTION";;"REGISTRATION_BLEED_INTERVENTION";""
"Registrering";;"Endoskopisk intervensjon for blødning (klips/injeksjon/stent)?";"Ja";"Listevariabel";"0";"Nei";"";"";"";"";;;;;;;;"Nei";"Ja";"1980-01-01";"";"registration";"BLEED_INTERVENTION";;"REGISTRATION_BLEED_INTERVENTION";""
"Registrering";;"Angiografisk intervensjon (coiling/stenting/trombektomi)?";"Ja";"Listevariabel";1;"Ja";"";"";"";"";;;;;;;;"Nei";"Ja";"1980-01-01";"";"registration";"ANGIO_INTERVENTION";;"REGISTRATION_ANGIO_INTERVENTION";""
"Registrering";;"Angiografisk intervensjon (coiling/stenting/trombektomi)?";"Ja";"Listevariabel";"0";"Nei";"";"";"";"";;;;;;;;"Nei";"Ja";"1980-01-01";"";"registration";"ANGIO_INTERVENTION";;"REGISTRATION_ANGIO_INTERVENTION";""
"Registrering";;"Kun drenasje av pleuravæske eller ascites?";"Ja";"Listevariabel";1;"Ja";"";"";"";"";;;;;;;;"Nei";"Ja";"1980-01-01";"";"registration";"LIQUID_DRAINAGE";;"REGISTRATION_LIQUID_DRAINAGE";""
"Registrering";;"Kun drenasje av pleuravæske eller ascites?";"Ja";"Listevariabel";"0";"Nei";"";"";"";"";;;;;;;;"Nei";"Ja";"1980-01-01";"";"registration";"LIQUID_DRAINAGE";;"REGISTRATION_LIQUID_DRAINAGE";""
"Registrering";;"Svikt av ett organsystem med behov for funksjonserstattende behandling (Acc 4)?";"Ja";"Listevariabel";1;"Ja";"";"";"";"";;;;;;;;"Nei";"Nei";"1980-01-01";"";"registration";"SINGLE_ORGAN_FAILURE";;"REGISTRATION_SINGLE_ORGAN_FAILURE";""
"Registrering";;"Svikt av ett organsystem med behov for funksjonserstattende behandling (Acc 4)?";"Ja";"Listevariabel";"0";"Nei";"";"";"";"";;;;;;;;"Nei";"Nei";"1980-01-01";"";"registration";"SINGLE_ORGAN_FAILURE";;"REGISTRATION_SINGLE_ORGAN_FAILURE";""
"Registrering";;"Multiorgansvikt med behov for funksjonserstattende behandling (Acc 5)?";"Ja";"Listevariabel";1;"Ja";"";"";"";"";;;;;;;;"Nei";"Nei";"1980-01-01";"";"registration";"MULTI_ORGAN_FAILURE";;"REGISTRATION_MULTI_ORGAN_FAILURE";""
"Registrering";;"Multiorgansvikt med behov for funksjonserstattende behandling (Acc 5)?";"Ja";"Listevariabel";"0";"Nei";"";"";"";"";;;;;;;;"Nei";"Nei";"1980-01-01";"";"registration";"MULTI_ORGAN_FAILURE";;"REGISTRATION_MULTI_ORGAN_FAILURE";""
"Registrering";;"Død under oppholdet (Acc 6)?";"Ja";"Listevariabel";1;"Ja";"";"";"";"";;;;;;;;"Ja";"Nei";"1980-01-01";"";"registration";"IN_HOUSE_DEATH";;"REGISTRATION_IN_HOUSE_DEATH";"Er personen død under primæropphold eller ikke?"
"Registrering";;"Død under oppholdet (Acc 6)?";"Ja";"Listevariabel";"0";"Nei";"";"";"";"";;;;;;;;"Ja";"Nei";"1980-01-01";"";"registration";"IN_HOUSE_DEATH";;"REGISTRATION_IN_HOUSE_DEATH";"Er personen død under primæropphold eller ikke?"
"Registrering";;"Dødsdato:";"Nei";"Datovariabel";"";"";"";"";"";"";"";"";"'1980-01-01'";"today";;;;"Nei";"Ja";"1980-01-01";"";"registration";"IN_HOUSE_DEATH_DATE";;"REGISTRATION_IN_HOUSE_DEATH_DATE";"Skriv inn dødsdatoen. Dato skrives på formatet yyyymmdd. Skriver du inn kun dag (dd), så autfylles nåværende måned og år. Skriver du inn måned og dato (mmdd), så autofylles nåværende år. Eksempel: For dato 23.11.1980 er følgende verdier gyldig: 801123, eller 19801123, eller 1980-11-23"
"Registrering";;"";"Nei";"Skjult variabel";"";"";"";"";"";"";;;;;;;;"Nei";"Nei";"1980-01-01";"";"registration";"ACCORDION_SCORE";;"REGISTRATION_ACCORDION_SCORE";""
"Registrering";;"Utskrevet:";"Ja";"Datovariabel";"";"";"";"";"";"";"";"";"'1980-01-01'";"today";;;;"Nei";"Nei";"1980-01-01";"";"registration";"DISCHARGE_DATE";;"REGISTRATION_DISCHARGE_DATE";"Skriv inn utskrivelsesdatoen. Dato skrives på formatet yyyymmdd. Skriver du inn kun dag (dd), så autfylles nåværende måned og år. Skriver du inn måned og dato (mmdd), så autofylles nåværende år. Eksempel: For dato 23.11.1980 er følgende verdier gyldig: 801123, eller 19801123, eller 1980-11-23"
"Registrering";;"";"Nei";"Skjult variabel";"";"";"";"";"";"";;;;;;;;"Nei";"Ja";"1980-01-01";"";"registration";"BED_DAYS";;"REGISTRATION_BED_DAYS";""
"Registrering";;"Hoveddiagnose:";"Ja";"Tekstvariabel";"";"";"";"";"";"";;;;;120;"aAáÁbBcCdDðÐeEéÉfFgGhHiIíÍjJkKlLmMnNoOóÓpPqQrRsStTuUvúÚVwWxXyYýÝzZþÞæÆåÅäÄöÖñÑéÉ-ü ÜáÁ´_/,.- + 1234567890ØøÜüß@_-!%:;? "" [] ()";;"Nei";"Nei";"1980-01-01";"";"registration";"ICD10";;"REGISTRATION_ICD10";"Indikasjon for kirurgi. T-diagnoser skal ikke brukes. Hvis operasjon for kreft skal kreftdiagnose (C-diagnose) brukes. Merk at koden skrives uten punktum, eks: N850"
"Registrering";;"";"Nei";"Skjult variabel";"";"";"";"";"";"";;;;;;;;"Nei";"Nei";"1980-01-01";"";"registration";"ICD10_VERSION";;"REGISTRATION_ICD10_VERSION";""
"Registrering";;"Utskrevet til?";"Ja";"Listevariabel";1;"Hjemmet";"";"";"";"";;;;;;;;"Nei";"Nei";"1980-01-01";"";"registration";"DISCHARGE_TO";;"REGISTRATION_DISCHARGE_TO";""
"Registrering";;"Utskrevet til?";"Ja";"Listevariabel";2;"Annen sykehusavdeling";"";"";"";"";;;;;;;;"Nei";"Nei";"1980-01-01";"";"registration";"DISCHARGE_TO";;"REGISTRATION_DISCHARGE_TO";""
"Registrering";;"Utskrevet til?";"Ja";"Listevariabel";3;"Pleieinstitusjon/rehabilitering";"";"";"";"";;;;;;;;"Nei";"Nei";"1980-01-01";"";"registration";"DISCHARGE_TO";;"REGISTRATION_DISCHARGE_TO";""
"Registrering";;"Kommentar til eget bruk:";"Nei";"Stor tekstvariabel";"";"";"";"";"";"";;;;;2000;"aAáÁbBcCdDðÐeEéÉfFgGhHiIíÍjJkKlLmMnNoOóÓpPqQrRsStTuUvúÚVwWxXyYýÝzZþÞæÆøØåÅäÄöÖñÑéÉ-ü ÜáÁ´_/,.- + 1234567890ØøÜüß@_-!%:;?";;"Nei";"Nei";"1980-01-01";"";"registration";"USERCOMMENT";;"REGISTRATION_USERCOMMENT";"Generell fri kommentar, max 2000 tegn."
"Registrering";;"Ferdigstille skjema?";"Nei";"Statusvariabel";"";"";"";"";"";"";;;;;;;;"Nei";"Nei";"1980-01-01";"";"registration";"STATUS";;"REGISTRATION_STATUS";"Denne boksen vil angi hvorvidt du er ferdig med å fylle ut. Du kan alltids låse opp skjemaet igjen på nytt senere hvis du vil forandre noe."
"Reinnleggelse/oppfølging";;"Har det vært reinnleggelse innen 30 dager etter indeksoperasjonen ved egen institusjon?";"Ja";"Listevariabel";1;"Ja";"";"";"";"";;;;;;;;"Ja";"Nei";"1980-01-01";"";"readmission";"OWN_INSTITUTION";;"READMISSION_OWN_INSTITUTION";""
"Reinnleggelse/oppfølging";;"Har det vært reinnleggelse innen 30 dager etter indeksoperasjonen ved egen institusjon?";"Ja";"Listevariabel";"0";"Nei";"";"";"";"";;;;;;;;"Ja";"Nei";"1980-01-01";"";"readmission";"OWN_INSTITUTION";;"READMISSION_OWN_INSTITUTION";""
"Reinnleggelse/oppfølging";;"Har det vært reinnleggelser eller komplikasjoner innen 30 dager etter indeksoperasjonen ved andre institusjoner?";"Ja";"Listevariabel";1;"Ja";"";"";"";"";;;;;;;;"Ja";"Nei";"1980-01-01";"";"readmission";"OTHER_INSTITUTIONS";;"READMISSION_OTHER_INSTITUTIONS";""
"Reinnleggelse/oppfølging";;"Har det vært reinnleggelser eller komplikasjoner innen 30 dager etter indeksoperasjonen ved andre institusjoner?";"Ja";"Listevariabel";"0";"Nei";"";"";"";"";;;;;;;;"Ja";"Nei";"1980-01-01";"";"readmission";"OTHER_INSTITUTIONS";;"READMISSION_OTHER_INSTITUTIONS";""
"Reinnleggelse/oppfølging";;"Har pasienten vært kontrollert fysisk av opererende eller annen avdeling etter utskrivelse dokumentert i journal?";"Ja";"Listevariabel";1;"Ja";"";"";"";"";;;;;;;;"Nei";"Ja";"1980-01-01";"";"readmission";"PHYSICAL_CONTROL";;"READMISSION_PHYSICAL_CONTROL";""
"Reinnleggelse/oppfølging";;"Har pasienten vært kontrollert fysisk av opererende eller annen avdeling etter utskrivelse dokumentert i journal?";"Ja";"Listevariabel";"0";"Nei";"";"";"";"";;;;;;;;"Nei";"Ja";"1980-01-01";"";"readmission";"PHYSICAL_CONTROL";;"READMISSION_PHYSICAL_CONTROL";""
"Reinnleggelse/oppfølging";;"Er pasienten kontaktet telefonisk av opererende eller annen avdeling etter utskrivelse dokumentert i journal?";"Ja";"Listevariabel";1;"Ja";"";"";"";"";;;;;;;;"Nei";"Ja";"1980-01-01";"";"readmission";"PHONE_CONTROL";;"READMISSION_PHONE_CONTROL";""
"Reinnleggelse/oppfølging";;"Er pasienten kontaktet telefonisk av opererende eller annen avdeling etter utskrivelse dokumentert i journal?";"Ja";"Listevariabel";"0";"Nei";"";"";"";"";;;;;;;;"Nei";"Ja";"1980-01-01";"";"readmission";"PHONE_CONTROL";;"READMISSION_PHONE_CONTROL";""
"Reinnleggelse/oppfølging";;"Re-laparotomi/-laparoskopi i narkose (Acc 4)?";"Ja";"Listevariabel";1;"Ja";"";"";"";"";;;;;;;;"Ja";"Nei";"1980-01-01";"";"readmission";"RELAPAROTOMY";;"READMISSION_RELAPAROTOMY";""
"Reinnleggelse/oppfølging";;"Re-laparotomi/-laparoskopi i narkose (Acc 4)?";"Ja";"Listevariabel";"0";"Nei";"";"";"";"";;;;;;;;"Ja";"Nei";"1980-01-01";"";"readmission";"RELAPAROTOMY";;"READMISSION_RELAPAROTOMY";""
"Reinnleggelse/oppfølging";;"Viktigste funn:";"Ja";"Listevariabel";1;"Anastomoselekkasje";"";"";"";"";;;;;;;;"Nei";"Ja";"1980-01-01";"";"readmission";"RELAPAROTOMY_YES";;"READMISSION_RELAPAROTOMY_YES";"Velg det viktigste funnet. Hvis anastomoselekkasje er påvist, skal dette velges."
"Reinnleggelse/oppfølging";;"Viktigste funn:";"Ja";"Listevariabel";2;"Dyp infeksjon uten påvist lekkasje";"";"";"";"";;;;;;;;"Nei";"Ja";"1980-01-01";"";"readmission";"RELAPAROTOMY_YES";;"READMISSION_RELAPAROTOMY_YES";"Velg det viktigste funnet. Hvis anastomoselekkasje er påvist, skal dette velges."
"Reinnleggelse/oppfølging";;"Viktigste funn:";"Ja";"Listevariabel";3;"Blødning";"";"";"";"";;;;;;;;"Nei";"Ja";"1980-01-01";"";"readmission";"RELAPAROTOMY_YES";;"READMISSION_RELAPAROTOMY_YES";"Velg det viktigste funnet. Hvis anastomoselekkasje er påvist, skal dette velges."
"Reinnleggelse/oppfølging";;"Viktigste funn:";"Ja";"Listevariabel";4;"Sårruptur";"";"";"";"";;;;;;;;"Nei";"Ja";"1980-01-01";"";"readmission";"RELAPAROTOMY_YES";;"READMISSION_RELAPAROTOMY_YES";"Velg det viktigste funnet. Hvis anastomoselekkasje er påvist, skal dette velges."
"Reinnleggelse/oppfølging";;"Viktigste funn:";"Ja";"Listevariabel";5;"Annet";"";"";"";"";;;;;;;;"Nei";"Ja";"1980-01-01";"";"readmission";"RELAPAROTOMY_YES";;"READMISSION_RELAPAROTOMY_YES";"Velg det viktigste funnet. Hvis anastomoselekkasje er påvist, skal dette velges."
"Reinnleggelse/oppfølging";;"Annen operasjon i generell anestesi (Acc 4)?";"Ja";"Listevariabel";1;"Ja";"";"";"";"";;;;;;;;"Nei";"Ja";"1980-01-01";"";"readmission";"RELAPAROTOMY_NO";;"READMISSION_RELAPAROTOMY_NO";"Gjelder IKKE endoskopiske prosedyrer, selv om de er gjort i generell anestesi."
"Reinnleggelse/oppfølging";;"Annen operasjon i generell anestesi (Acc 4)?";"Ja";"Listevariabel";"0";"Nei";"";"";"";"";;;;;;;;"Nei";"Ja";"1980-01-01";"";"readmission";"RELAPAROTOMY_NO";;"READMISSION_RELAPAROTOMY_NO";"Gjelder IKKE endoskopiske prosedyrer, selv om de er gjort i generell anestesi."
"Reinnleggelse/oppfølging";;"Perkutan, endoskopisk eller angiografisk undersøkelse eller intervensjon (Acc 3)?";"Ja";"Listevariabel";1;"Ja";"";"";"";"";;;;;;;;"Nei";"Ja";"1980-01-01";"";"readmission";"INTERVENTION_WITHOUT_ANESTHESIA";;"READMISSION_INTERVENTION_WITHOUT_ANESTHESIA";"Innbefatter ikke lokal intervensjon i sår håndtert på sengepost."
"Reinnleggelse/oppfølging";;"Perkutan, endoskopisk eller angiografisk undersøkelse eller intervensjon (Acc 3)?";"Ja";"Listevariabel";"0";"Nei";"";"";"";"";;;;;;;;"Nei";"Ja";"1980-01-01";"";"readmission";"INTERVENTION_WITHOUT_ANESTHESIA";;"READMISSION_INTERVENTION_WITHOUT_ANESTHESIA";"Innbefatter ikke lokal intervensjon i sår håndtert på sengepost."
"Reinnleggelse/oppfølging";;"Perkutan drenasje mot reseksjonsflate eller anastomose (inkludert transhepatisk galledrenasje)?";"Ja";"Listevariabel";1;"Ja";"";"";"";"";;;;;;;;"Nei";"Ja";"1980-01-01";"";"readmission";"PERCUTANEOUS_DRAINAGE";;"READMISSION_PERCUTANEOUS_DRAINAGE";""
"Reinnleggelse/oppfølging";;"Perkutan drenasje mot reseksjonsflate eller anastomose (inkludert transhepatisk galledrenasje)?";"Ja";"Listevariabel";"0";"Nei";"";"";"";"";;;;;;;;"Nei";"Ja";"1980-01-01";"";"readmission";"PERCUTANEOUS_DRAINAGE";;"READMISSION_PERCUTANEOUS_DRAINAGE";""
"Reinnleggelse/oppfølging";;"Er konsentrasjonen av amylase i drensvæsken over 250 U/l ?";"Ja";"Listevariabel";1;"Ja";"";"";"";"";;;;;;;;"Nei";"Ja";"1980-01-01";"";"readmission";"HIGH_AMYLASE_CONCENTRATION";;"READMISSION_HIGH_AMYLASE_CONCENTRATION";""
"Reinnleggelse/oppfølging";;"Er konsentrasjonen av amylase i drensvæsken over 250 U/l ?";"Ja";"Listevariabel";"0";"Nei";"";"";"";"";;;;;;;;"Nei";"Ja";"1980-01-01";"";"readmission";"HIGH_AMYLASE_CONCENTRATION";;"READMISSION_HIGH_AMYLASE_CONCENTRATION";""
"Reinnleggelse/oppfølging";;"Endoskopisk (inkludert ERCP) intervensjon for lekkasje (stent/klips)?";"Ja";"Listevariabel";1;"Ja";"";"";"";"";;;;;;;;"Nei";"Ja";"1980-01-01";"";"readmission";"LEAK_INTERVENTION";;"READMISSION_LEAK_INTERVENTION";""
"Reinnleggelse/oppfølging";;"Endoskopisk (inkludert ERCP) intervensjon for lekkasje (stent/klips)?";"Ja";"Listevariabel";"0";"Nei";"";"";"";"";;;;;;;;"Nei";"Ja";"1980-01-01";"";"readmission";"LEAK_INTERVENTION";;"READMISSION_LEAK_INTERVENTION";""
"Reinnleggelse/oppfølging";;"Endoskopisk intervensjon for blødning (klips/injeksjon/stent)?";"Ja";"Listevariabel";1;"Ja";"";"";"";"";;;;;;;;"Nei";"Ja";"1980-01-01";"";"readmission";"BLEED_INTERVENTION";;"READMISSION_BLEED_INTERVENTION";""
"Reinnleggelse/oppfølging";;"Endoskopisk intervensjon for blødning (klips/injeksjon/stent)?";"Ja";"Listevariabel";"0";"Nei";"";"";"";"";;;;;;;;"Nei";"Ja";"1980-01-01";"";"readmission";"BLEED_INTERVENTION";;"READMISSION_BLEED_INTERVENTION";""
"Reinnleggelse/oppfølging";;"Angiografisk intervensjon (coiling/stenting/trombektomi)?";"Ja";"Listevariabel";1;"Ja";"";"";"";"";;;;;;;;"Nei";"Ja";"1980-01-01";"";"readmission";"ANGIO_INTERVENTION";;"READMISSION_ANGIO_INTERVENTION";""
"Reinnleggelse/oppfølging";;"Angiografisk intervensjon (coiling/stenting/trombektomi)?";"Ja";"Listevariabel";"0";"Nei";"";"";"";"";;;;;;;;"Nei";"Ja";"1980-01-01";"";"readmission";"ANGIO_INTERVENTION";;"READMISSION_ANGIO_INTERVENTION";""
"Reinnleggelse/oppfølging";;"Kun drenasje av pleuravæske eller ascites?";"Ja";"Listevariabel";1;"Ja";"";"";"";"";;;;;;;;"Nei";"Ja";"1980-01-01";"";"readmission";"LIQUID_DRAINAGE";;"READMISSION_LIQUID_DRAINAGE";""
"Reinnleggelse/oppfølging";;"Kun drenasje av pleuravæske eller ascites?";"Ja";"Listevariabel";"0";"Nei";"";"";"";"";;;;;;;;"Nei";"Ja";"1980-01-01";"";"readmission";"LIQUID_DRAINAGE";;"READMISSION_LIQUID_DRAINAGE";""
"Reinnleggelse/oppfølging";;"Svikt av ett organsystem med behov for funksjonserstattende behandling (Acc 4)?";"Ja";"Listevariabel";1;"Ja";"";"";"";"";;;;;;;;"Nei";"Nei";"1980-01-01";"";"readmission";"SINGLE_ORGAN_FAILURE";;"READMISSION_SINGLE_ORGAN_FAILURE";""
"Reinnleggelse/oppfølging";;"Svikt av ett organsystem med behov for funksjonserstattende behandling (Acc 4)?";"Ja";"Listevariabel";"0";"Nei";"";"";"";"";;;;;;;;"Nei";"Nei";"1980-01-01";"";"readmission";"SINGLE_ORGAN_FAILURE";;"READMISSION_SINGLE_ORGAN_FAILURE";""
"Reinnleggelse/oppfølging";;"Multiorgansvikt med behov for funksjonserstattende behandling (Acc 5)?";"Ja";"Listevariabel";1;"Ja";"";"";"";"";;;;;;;;"Nei";"Nei";"1980-01-01";"";"readmission";"MULTI_ORGAN_FAILURE";;"READMISSION_MULTI_ORGAN_FAILURE";""
"Reinnleggelse/oppfølging";;"Multiorgansvikt med behov for funksjonserstattende behandling (Acc 5)?";"Ja";"Listevariabel";"0";"Nei";"";"";"";"";;;;;;;;"Nei";"Nei";"1980-01-01";"";"readmission";"MULTI_ORGAN_FAILURE";;"READMISSION_MULTI_ORGAN_FAILURE";""
"Reinnleggelse/oppfølging";;"Død?";"Ja";"Listevariabel";1;"Ja";"";"";"";"";;;;;;;;"Ja";"Nei";"1980-01-01";"";"readmission";"IN_HOUSE_DEATH";;"READMISSION_IN_HOUSE_DEATH";""
"Reinnleggelse/oppfølging";;"Død?";"Ja";"Listevariabel";"0";"Nei";"";"";"";"";;;;;;;;"Ja";"Nei";"1980-01-01";"";"readmission";"IN_HOUSE_DEATH";;"READMISSION_IN_HOUSE_DEATH";""
"Reinnleggelse/oppfølging";;"Dødsdato:";"Nei";"Datovariabel";"";"";"";"";"";"";"";"";"'1980-01-01'";"today";;;;"Nei";"Ja";"1980-01-01";"";"readmission";"IN_HOUSE_DEATH_DATE";;"READMISSION_IN_HOUSE_DEATH_DATE";"Skriv inn dødsdatoen. Dato skrives på formatet yyyymmdd. Skriver du inn kun dag (dd), så autfylles nåværende måned og år. Skriver du inn måned og dato (mmdd), så autofylles nåværende år. Eksempel: For dato 23.11.1980 er følgende verdier gyldig: 801123, eller 19801123, eller 1980-11-23"
"Reinnleggelse/oppfølging";;"";"Nei";"Skjult variabel";"";"";"";"";"";"";;;;;;;;"Nei";"Ja";"1980-01-01";"";"readmission";"ACCORDION_SCORE";;"READMISSION_ACCORDION_SCORE";""
"Reinnleggelse/oppfølging";;"Kommentar til eget bruk:";"Nei";"Stor tekstvariabel";"";"";"";"";"";"";;;;;2000;"aAáÁbBcCdDðÐeEéÉfFgGhHiIíÍjJkKlLmMnNoOóÓpPqQrRsStTuUvúÚVwWxXyYýÝzZþÞæÆøØåÅäÄöÖñÑéÉ-ü ÜáÁ´_/,.- + 1234567890ØøÜüß@_-!%:;?";;"Nei";"Nei";"1980-01-01";"";"readmission";"USERCOMMENT";;"READMISSION_USERCOMMENT";"Generell fri kommentar, max 2000 tegn."
"Reinnleggelse/oppfølging";;"Ferdigstille skjema?";"Nei";"Statusvariabel";"";"";"";"";"";"";;;;;;;;"Nei";"Nei";"1980-01-01";"";"readmission";"STATUS";;"READMISSION_STATUS";"Denne boksen vil angi hvorvidt du er ferdig med å fylle ut. Du kan alltids låse opp skjemaet igjen på nytt senere hvis du vil forandre noe."
